symbol,exchange,datetime,open,high,low,close,volume,turnover,open_interest
c2611,DCE,2026-09-23 09:00:00,2187.0,2188.0,2186.0,2188.0,4009.0,0.0,1193902.0
c2611,DCE,2026-09-23 09:01:00,2188.0,2189.0,2187.0,2188.0,3043.0,0.0,1193422.0
c2611,DCE,2026-09-23 09:02:00,2188.0,2188.0,2186.0,2187.0,3423.0,0.0,1192733.0
c2611,DCE,2026-09-23 09:03:00,2187.0,2187.0,2186.0,2187.0,2245.0,0.0,1192080.0
c2611,DCE,2026-09-23 09:04:00,2187.0,2187.0,2185.0,2185.0,3470.0,0.0,1191895.0
c2611,DCE,2026-09-23 09:05:00,2185.0,2186.0,2184.0,2184.0,2844.0,0.0,1191142.0
c2611,DCE,2026-09-23 09:06:00,2184.0,2186.0,2184.0,2185.0,2399.0,0.0,1191216.0
c2611,DCE,2026-09-23 09:07:00,2185.0,2188.0,2185.0,2188.0,4450.0,0.0,1191747.0
c2611,DCE,2026-09-23 09:08:00,2188.0,2190.0,2188.0,2190.0,4564.0,0.0,1192710.0
c2611,DCE,2026-09-23 09:09:00,2190.0,2190.0,2189.0,2190.0,3397.0,0.0,1192599.0
c2611,DCE,2026-09-23 09:10:00,2190.0,2190.0,2189.0,2190.0,989.0,0.0,1193078.0
c2611,DCE,2026-09-23 09:11:00,2190.0,2191.0,2190.0,2190.0,7185.0,0.0,1192775.0
c2611,DCE,2026-09-23 09:12:00,2190.0,2191.0,2189.0,2191.0,3223.0,0.0,1194434.0
c2611,DCE,2026-09-23 09:13:00,2191.0,2191.0,2190.0,2190.0,812.0,0.0,1194786.0
c2611,DCE,2026-09-23 09:14:00,2190.0,2191.0,2190.0,2190.0,722.0,0.0,1194913.0
c2611,DCE,2026-09-23 09:15:00,2190.0,2191.0,2190.0,2191.0,882.0,0.0,1194857.0
c2611,DCE,2026-09-23 09:16:00,2191.0,2191.0,2190.0,2191.0,645.0,0.0,1195014.0
c2611,DCE,2026-09-23 09:17:00,2191.0,2192.0,2190.0,2190.0,4520.0,0.0,1194903.0
c2611,DCE,2026-09-23 09:18:00,2190.0,2191.0,2189.0,2190.0,3781.0,0.0,1195647.0
c2611,DCE,2026-09-23 09:19:00,2190.0,2190.0,2189.0,2189.0,1301.0,0.0,1196980.0
c2611,DCE,2026-09-23 09:20:00,2189.0,2190.0,2188.0,2188.0,1460.0,0.0,1196633.0
c2611,DCE,2026-09-23 09:21:00,2188.0,2189.0,2187.0,2188.0,4483.0,0.0,1196517.0
c2611,DCE,2026-09-23 09:22:00,2188.0,2189.0,2187.0,2188.0,1607.0,0.0,1197300.0
c2611,DCE,2026-09-23 09:23:00,2188.0,2190.0,2187.0,2190.0,1666.0,0.0,1197322.0
c2611,DCE,2026-09-23 09:24:00,2190.0,2190.0,2189.0,2190.0,342.0,0.0,1197652.0
c2611,DCE,2026-09-23 09:25:00,2190.0,2190.0,2189.0,2189.0,878.0,0.0,1197773.0
c2611,DCE,2026-09-23 09:26:00,2189.0,2190.0,2188.0,2188.0,1421.0,0.0,1198039.0
c2611,DCE,2026-09-23 09:27:00,2188.0,2189.0,2188.0,2189.0,869.0,0.0,1198358.0
c2611,DCE,2026-09-23 09:28:00,2189.0,2189.0,2187.0,2187.0,1402.0,0.0,1198527.0
c2611,DCE,2026-09-23 09:29:00,2187.0,2189.0,2187.0,2187.0,1292.0,0.0,1198260.0
c2611,DCE,2026-09-23 09:30:00,2187.0,2188.0,2187.0,2187.0,685.0,0.0,1198346.0
c2611,DCE,2026-09-23 09:31:00,2187.0,2188.0,2186.0,2186.0,2758.0,0.0,1198354.0
c2611,DCE,2026-09-23 09:32:00,2186.0,2187.0,2186.0,2186.0,1780.0,0.0,1198141.0
c2611,DCE,2026-09-23 09:33:00,2186.0,2187.0,2185.0,2185.0,3289.0,0.0,1197702.0
c2611,DCE,2026-09-23 09:34:00,2185.0,2186.0,2185.0,2186.0,728.0,0.0,1197902.0
c2611,DCE,2026-09-23 09:35:00,2186.0,2186.0,2185.0,2186.0,630.0,0.0,1198066.0
c2611,DCE,2026-09-23 09:36:00,2186.0,2186.0,2185.0,2185.0,277.0,0.0,1197946.0
c2611,DCE,2026-09-23 09:37:00,2185.0,2186.0,2185.0,2185.0,319.0,0.0,1197971.0
c2611,DCE,2026-09-23 09:38:00,2185.0,2187.0,2185.0,2186.0,2440.0,0.0,1198018.0
c2611,DCE,2026-09-23 09:39:00,2186.0,2187.0,2186.0,2187.0,413.0,0.0,1197902.0
c2611,DCE,2026-09-23 09:40:00,2187.0,2188.0,2186.0,2188.0,1779.0,0.0,1197911.0
c2611,DCE,2026-09-23 09:41:00,2188.0,2188.0,2187.0,2187.0,551.0,0.0,1198438.0
c2611,DCE,2026-09-23 09:42:00,2187.0,2188.0,2187.0,2187.0,294.0,0.0,1198709.0
c2611,DCE,2026-09-23 09:43:00,2187.0,2188.0,2185.0,2186.0,2674.0,0.0,1198746.0
c2611,DCE,2026-09-23 09:44:00,2186.0,2186.0,2185.0,2186.0,1163.0,0.0,1198819.0
c2611,DCE,2026-09-23 09:45:00,2186.0,2186.0,2185.0,2185.0,441.0,0.0,1198522.0
c2611,DCE,2026-09-23 09:46:00,2185.0,2187.0,2185.0,2186.0,2374.0,0.0,1198534.0
c2611,DCE,2026-09-23 09:47:00,2186.0,2187.0,2185.0,2186.0,850.0,0.0,1198649.0
c2611,DCE,2026-09-23 09:48:00,2186.0,2187.0,2186.0,2186.0,131.0,0.0,1198867.0
c2611,DCE,2026-09-23 09:49:00,2186.0,2186.0,2185.0,2185.0,964.0,0.0,1198938.0
c2611,DCE,2026-09-23 09:50:00,2185.0,2186.0,2185.0,2186.0,512.0,0.0,1199252.0
c2611,DCE,2026-09-23 09:51:00,2186.0,2187.0,2185.0,2186.0,1484.0,0.0,1199154.0
c2611,DCE,2026-09-23 09:52:00,2186.0,2187.0,2186.0,2186.0,125.0,0.0,1198527.0
c2611,DCE,2026-09-23 09:53:00,2186.0,2187.0,2186.0,2187.0,105.0,0.0,1198567.0
c2611,DCE,2026-09-23 09:54:00,2187.0,2187.0,2186.0,2187.0,236.0,0.0,1198593.0
c2611,DCE,2026-09-23 09:55:00,2187.0,2187.0,2185.0,2185.0,1409.0,0.0,1198541.0
c2611,DCE,2026-09-23 09:56:00,2185.0,2186.0,2185.0,2186.0,271.0,0.0,1198145.0
c2611,DCE,2026-09-23 09:57:00,2186.0,2187.0,2185.0,2186.0,1913.0,0.0,1198313.0
c2611,DCE,2026-09-23 09:58:00,2186.0,2186.0,2185.0,2185.0,273.0,0.0,1198230.0
c2611,DCE,2026-09-23 09:59:00,2185.0,2186.0,2185.0,2186.0,115.0,0.0,1198235.0
c2611,DCE,2026-09-23 10:00:00,2186.0,2186.0,2185.0,2186.0,354.0,0.0,1198250.0
c2611,DCE,2026-09-23 10:01:00,2186.0,2187.0,2186.0,2187.0,1412.0,0.0,1198247.0
c2611,DCE,2026-09-23 10:02:00,2187.0,2187.0,2185.0,2185.0,1092.0,0.0,1198505.0
c2611,DCE,2026-09-23 10:03:00,2185.0,2186.0,2185.0,2186.0,109.0,0.0,1198151.0
c2611,DCE,2026-09-23 10:04:00,2186.0,2186.0,2185.0,2185.0,165.0,0.0,1198201.0
c2611,DCE,2026-09-23 10:05:00,2185.0,2186.0,2185.0,2185.0,420.0,0.0,1198277.0
c2611,DCE,2026-09-23 10:06:00,2185.0,2186.0,2185.0,2185.0,157.0,0.0,1198328.0
c2611,DCE,2026-09-23 10:07:00,2185.0,2186.0,2185.0,2186.0,173.0,0.0,1198215.0
c2611,DCE,2026-09-23 10:08:00,2186.0,2186.0,2185.0,2185.0,315.0,0.0,1198211.0
c2611,DCE,2026-09-23 10:09:00,2185.0,2186.0,2185.0,2185.0,150.0,0.0,1198093.0
c2611,DCE,2026-09-23 10:10:00,2185.0,2186.0,2185.0,2185.0,539.0,0.0,1198006.0
c2611,DCE,2026-09-23 10:11:00,2185.0,2186.0,2185.0,2186.0,500.0,0.0,1197884.0
c2611,DCE,2026-09-23 10:12:00,2186.0,2186.0,2185.0,2185.0,92.0,0.0,1197743.0
c2611,DCE,2026-09-23 10:13:00,2185.0,2186.0,2185.0,2186.0,99.0,0.0,1197702.0
c2611,DCE,2026-09-23 10:14:00,2186.0,2186.0,2185.0,2185.0,1052.0,0.0,1197703.0
c2611,DCE,2026-09-23 10:30:00,2185.0,2186.0,2185.0,2185.0,357.0,0.0,1197528.0
c2611,DCE,2026-09-23 10:31:00,2185.0,2186.0,2185.0,2185.0,420.0,0.0,1197500.0
c2611,DCE,2026-09-23 10:32:00,2185.0,2186.0,2185.0,2186.0,197.0,0.0,1197451.0
c2611,DCE,2026-09-23 10:33:00,2186.0,2186.0,2185.0,2185.0,679.0,0.0,1197306.0
c2611,DCE,2026-09-23 10:34:00,2185.0,2186.0,2184.0,2185.0,3823.0,0.0,1197347.0
c2611,DCE,2026-09-23 10:35:00,2185.0,2185.0,2184.0,2184.0,682.0,0.0,1197439.0
c2611,DCE,2026-09-23 10:36:00,2184.0,2185.0,2184.0,2185.0,251.0,0.0,1197512.0
c2611,DCE,2026-09-23 10:37:00,2185.0,2185.0,2184.0,2184.0,417.0,0.0,1197444.0
c2611,DCE,2026-09-23 10:38:00,2184.0,2185.0,2183.0,2183.0,3023.0,0.0,1197449.0
c2611,DCE,2026-09-23 10:39:00,2183.0,2184.0,2183.0,2184.0,666.0,0.0,1197057.0
c2611,DCE,2026-09-23 10:40:00,2184.0,2185.0,2183.0,2184.0,4048.0,0.0,1196673.0
c2611,DCE,2026-09-23 10:41:00,2184.0,2184.0,2183.0,2183.0,651.0,0.0,1197484.0
c2611,DCE,2026-09-23 10:42:00,2183.0,2184.0,2183.0,2184.0,309.0,0.0,1197633.0
c2611,DCE,2026-09-23 10:43:00,2184.0,2184.0,2183.0,2183.0,204.0,0.0,1197543.0
c2611,DCE,2026-09-23 10:44:00,2183.0,2184.0,2183.0,2184.0,289.0,0.0,1197579.0
c2611,DCE,2026-09-23 10:45:00,2184.0,2184.0,2183.0,2183.0,669.0,0.0,1197475.0
c2611,DCE,2026-09-23 10:46:00,2183.0,2184.0,2182.0,2183.0,3578.0,0.0,1197262.0
c2611,DCE,2026-09-23 10:47:00,2183.0,2183.0,2182.0,2183.0,1617.0,0.0,1195887.0
c2611,DCE,2026-09-23 10:48:00,2183.0,2183.0,2181.0,2182.0,3538.0,0.0,1195913.0
c2611,DCE,2026-09-23 10:49:00,2182.0,2183.0,2181.0,2183.0,2489.0,0.0,1195746.0
c2611,DCE,2026-09-23 10:50:00,2183.0,2183.0,2182.0,2182.0,392.0,0.0,1196540.0
c2611,DCE,2026-09-23 10:51:00,2182.0,2183.0,2182.0,2182.0,413.0,0.0,1196594.0
c2611,DCE,2026-09-23 10:52:00,2182.0,2184.0,2182.0,2184.0,2532.0,0.0,1196711.0
c2611,DCE,2026-09-23 10:53:00,2184.0,2184.0,2183.0,2184.0,209.0,0.0,1197547.0
c2611,DCE,2026-09-23 10:54:00,2184.0,2184.0,2183.0,2184.0,275.0,0.0,1197528.0
c2611,DCE,2026-09-23 10:55:00,2184.0,2184.0,2183.0,2183.0,462.0,0.0,1197538.0
c2611,DCE,2026-09-23 10:56:00,2183.0,2184.0,2183.0,2184.0,779.0,0.0,1197439.0
c2611,DCE,2026-09-23 10:57:00,2184.0,2184.0,2183.0,2184.0,259.0,0.0,1197817.0
c2611,DCE,2026-09-23 10:58:00,2184.0,2184.0,2183.0,2183.0,108.0,0.0,1197721.0
c2611,DCE,2026-09-23 10:59:00,2183.0,2184.0,2183.0,2183.0,95.0,0.0,1197724.0
c2611,DCE,2026-09-23 11:00:00,2183.0,2184.0,2183.0,2183.0,471.0,0.0,1197718.0
c2611,DCE,2026-09-23 11:01:00,2183.0,2184.0,2183.0,2183.0,337.0,0.0,1197553.0
c2611,DCE,2026-09-23 11:02:00,2183.0,2184.0,2182.0,2182.0,1428.0,0.0,1197576.0
c2611,DCE,2026-09-23 11:03:00,2182.0,2183.0,2182.0,2182.0,333.0,0.0,1198343.0
c2611,DCE,2026-09-23 11:04:00,2182.0,2183.0,2182.0,2183.0,274.0,0.0,1198357.0
c2611,DCE,2026-09-23 11:05:00,2183.0,2183.0,2182.0,2182.0,187.0,0.0,1198457.0
c2611,DCE,2026-09-23 11:06:00,2182.0,2183.0,2182.0,2183.0,199.0,0.0,1198545.0
c2611,DCE,2026-09-23 11:07:00,2183.0,2183.0,2182.0,2182.0,158.0,0.0,1198616.0
c2611,DCE,2026-09-23 11:08:00,2182.0,2183.0,2182.0,2183.0,574.0,0.0,1198702.0
c2611,DCE,2026-09-23 11:09:00,2183.0,2183.0,2182.0,2182.0,384.0,0.0,1199017.0
c2611,DCE,2026-09-23 11:10:00,2182.0,2183.0,2182.0,2183.0,269.0,0.0,1199086.0
c2611,DCE,2026-09-23 11:11:00,2183.0,2183.0,2181.0,2181.0,2266.0,0.0,1199169.0
c2611,DCE,2026-09-23 11:12:00,2181.0,2183.0,2181.0,2182.0,1521.0,0.0,1199120.0
c2611,DCE,2026-09-23 11:13:00,2182.0,2183.0,2182.0,2182.0,72.0,0.0,1198525.0
c2611,DCE,2026-09-23 11:14:00,2182.0,2183.0,2182.0,2183.0,207.0,0.0,1198509.0
c2611,DCE,2026-09-23 11:15:00,2183.0,2183.0,2182.0,2182.0,706.0,0.0,1198435.0
c2611,DCE,2026-09-23 11:16:00,2182.0,2183.0,2182.0,2182.0,138.0,0.0,1198479.0
c2611,DCE,2026-09-23 11:17:00,2182.0,2183.0,2182.0,2182.0,159.0,0.0,1198488.0
c2611,DCE,2026-09-23 11:18:00,2182.0,2184.0,2182.0,2184.0,1796.0,0.0,1198513.0
c2611,DCE,2026-09-23 11:19:00,2184.0,2184.0,2183.0,2183.0,230.0,0.0,1198324.0
c2611,DCE,2026-09-23 11:20:00,2183.0,2184.0,2182.0,2182.0,1877.0,0.0,1198458.0
c2611,DCE,2026-09-23 11:21:00,2182.0,2183.0,2182.0,2182.0,189.0,0.0,1197994.0
c2611,DCE,2026-09-23 11:22:00,2182.0,2183.0,2181.0,2181.0,1431.0,0.0,1197940.0
c2611,DCE,2026-09-23 11:23:00,2181.0,2182.0,2181.0,2181.0,432.0,0.0,1197837.0
c2611,DCE,2026-09-23 11:24:00,2181.0,2182.0,2181.0,2182.0,282.0,0.0,1197675.0
c2611,DCE,2026-09-23 11:25:00,2182.0,2182.0,2181.0,2181.0,2424.0,0.0,1197645.0
c2611,DCE,2026-09-23 11:26:00,2181.0,2182.0,2181.0,2181.0,398.0,0.0,1198206.0
c2611,DCE,2026-09-23 11:27:00,2181.0,2182.0,2181.0,2181.0,112.0,0.0,1198110.0
c2611,DCE,2026-09-23 11:28:00,2181.0,2182.0,2181.0,2182.0,130.0,0.0,1198076.0
c2611,DCE,2026-09-23 11:29:00,2182.0,2182.0,2181.0,2181.0,1263.0,0.0,1198135.0
c2611,DCE,2026-09-23 13:30:00,2182.0,2182.0,2181.0,2182.0,456.0,0.0,1197980.0
c2611,DCE,2026-09-23 13:31:00,2182.0,2182.0,2181.0,2182.0,469.0,0.0,1198150.0
c2611,DCE,2026-09-23 13:32:00,2182.0,2182.0,2181.0,2182.0,229.0,0.0,1197999.0
c2611,DCE,2026-09-23 13:33:00,2182.0,2183.0,2181.0,2183.0,1162.0,0.0,1197980.0
c2611,DCE,2026-09-23 13:34:00,2183.0,2183.0,2181.0,2181.0,2262.0,0.0,1197441.0
c2611,DCE,2026-09-23 13:35:00,2181.0,2182.0,2181.0,2182.0,231.0,0.0,1196354.0
c2611,DCE,2026-09-23 13:36:00,2182.0,2182.0,2181.0,2181.0,156.0,0.0,1196219.0
c2611,DCE,2026-09-23 13:37:00,2181.0,2182.0,2180.0,2181.0,4258.0,0.0,1196160.0
c2611,DCE,2026-09-23 13:38:00,2181.0,2182.0,2181.0,2182.0,183.0,0.0,1197659.0
c2611,DCE,2026-09-23 13:39:00,2182.0,2183.0,2181.0,2182.0,3409.0,0.0,1197587.0
c2611,DCE,2026-09-23 13:40:00,2182.0,2183.0,2181.0,2181.0,1868.0,0.0,1198057.0
c2611,DCE,2026-09-23 13:41:00,2181.0,2182.0,2181.0,2181.0,167.0,0.0,1197435.0
c2611,DCE,2026-09-23 13:42:00,2181.0,2182.0,2181.0,2182.0,286.0,0.0,1197412.0
c2611,DCE,2026-09-23 13:43:00,2182.0,2182.0,2181.0,2182.0,486.0,0.0,1197423.0
c2611,DCE,2026-09-23 13:44:00,2182.0,2182.0,2181.0,2182.0,190.0,0.0,1197311.0
c2611,DCE,2026-09-23 13:45:00,2182.0,2182.0,2181.0,2181.0,274.0,0.0,1197352.0
c2611,DCE,2026-09-23 13:46:00,2181.0,2182.0,2181.0,2181.0,186.0,0.0,1197347.0
c2611,DCE,2026-09-23 13:47:00,2181.0,2182.0,2181.0,2181.0,690.0,0.0,1197442.0
c2611,DCE,2026-09-23 13:48:00,2181.0,2182.0,2181.0,2182.0,386.0,0.0,1197312.0
c2611,DCE,2026-09-23 13:49:00,2182.0,2182.0,2181.0,2181.0,142.0,0.0,1197258.0
c2611,DCE,2026-09-23 13:50:00,2181.0,2182.0,2181.0,2182.0,1063.0,0.0,1197182.0
c2611,DCE,2026-09-23 13:51:00,2182.0,2182.0,2181.0,2181.0,159.0,0.0,1197384.0
c2611,DCE,2026-09-23 13:52:00,2181.0,2182.0,2181.0,2181.0,596.0,0.0,1197375.0
c2611,DCE,2026-09-23 13:53:00,2181.0,2182.0,2181.0,2182.0,316.0,0.0,1197478.0
c2611,DCE,2026-09-23 13:54:00,2182.0,2183.0,2181.0,2182.0,1233.0,0.0,1197489.0
c2611,DCE,2026-09-23 13:55:00,2182.0,2183.0,2182.0,2182.0,720.0,0.0,1197413.0
c2611,DCE,2026-09-23 13:56:00,2182.0,2182.0,2181.0,2182.0,612.0,0.0,1197241.0
c2611,DCE,2026-09-23 13:57:00,2182.0,2182.0,2181.0,2181.0,281.0,0.0,1197372.0
c2611,DCE,2026-09-23 13:58:00,2181.0,2182.0,2181.0,2182.0,84.0,0.0,1197374.0
c2611,DCE,2026-09-23 13:59:00,2182.0,2182.0,2181.0,2181.0,104.0,0.0,1197359.0
c2611,DCE,2026-09-23 14:00:00,2181.0,2182.0,2181.0,2181.0,137.0,0.0,1197348.0
c2611,DCE,2026-09-23 14:01:00,2181.0,2182.0,2180.0,2180.0,2470.0,0.0,1197385.0
c2611,DCE,2026-09-23 14:02:00,2180.0,2181.0,2179.0,2179.0,2687.0,0.0,1197288.0
c2611,DCE,2026-09-23 14:03:00,2179.0,2180.0,2179.0,2179.0,1942.0,0.0,1197740.0
c2611,DCE,2026-09-23 14:04:00,2179.0,2180.0,2178.0,2179.0,5473.0,0.0,1196647.0
c2611,DCE,2026-09-23 14:05:00,2179.0,2180.0,2179.0,2179.0,1238.0,0.0,1195882.0
c2611,DCE,2026-09-23 14:06:00,2179.0,2180.0,2179.0,2180.0,741.0,0.0,1195877.0
c2611,DCE,2026-09-23 14:07:00,2180.0,2180.0,2179.0,2179.0,279.0,0.0,1195935.0
c2611,DCE,2026-09-23 14:08:00,2179.0,2180.0,2178.0,2179.0,2016.0,0.0,1195864.0
c2611,DCE,2026-09-23 14:09:00,2179.0,2180.0,2179.0,2179.0,496.0,0.0,1195373.0
c2611,DCE,2026-09-23 14:10:00,2179.0,2180.0,2179.0,2180.0,492.0,0.0,1195506.0
c2611,DCE,2026-09-23 14:11:00,2180.0,2180.0,2179.0,2180.0,328.0,0.0,1195282.0
c2611,DCE,2026-09-23 14:12:00,2180.0,2180.0,2179.0,2179.0,606.0,0.0,1195401.0
c2611,DCE,2026-09-23 14:13:00,2179.0,2180.0,2179.0,2179.0,147.0,0.0,1195022.0
c2611,DCE,2026-09-23 14:14:00,2179.0,2180.0,2179.0,2180.0,553.0,0.0,1194973.0
c2611,DCE,2026-09-23 14:15:00,2180.0,2180.0,2179.0,2179.0,171.0,0.0,1195022.0
c2611,DCE,2026-09-23 14:16:00,2179.0,2180.0,2179.0,2179.0,149.0,0.0,1195019.0
c2611,DCE,2026-09-23 14:17:00,2179.0,2180.0,2179.0,2180.0,170.0,0.0,1195041.0
c2611,DCE,2026-09-23 14:18:00,2180.0,2180.0,2179.0,2179.0,1647.0,0.0,1195074.0
c2611,DCE,2026-09-23 14:19:00,2179.0,2180.0,2179.0,2179.0,205.0,0.0,1195006.0
c2611,DCE,2026-09-23 14:20:00,2179.0,2180.0,2179.0,2179.0,270.0,0.0,1194941.0
c2611,DCE,2026-09-23 14:21:00,2179.0,2180.0,2179.0,2179.0,209.0,0.0,1195024.0
c2611,DCE,2026-09-23 14:22:00,2179.0,2180.0,2179.0,2179.0,195.0,0.0,1194954.0
c2611,DCE,2026-09-23 14:23:00,2179.0,2180.0,2179.0,2179.0,117.0,0.0,1195091.0
c2611,DCE,2026-09-23 14:24:00,2179.0,2180.0,2179.0,2180.0,144.0,0.0,1195110.0
c2611,DCE,2026-09-23 14:25:00,2180.0,2181.0,2179.0,2181.0,5125.0,0.0,1195188.0
c2611,DCE,2026-09-23 14:26:00,2181.0,2181.0,2180.0,2181.0,297.0,0.0,1195092.0
c2611,DCE,2026-09-23 14:27:00,2181.0,2181.0,2180.0,2181.0,265.0,0.0,1195178.0
c2611,DCE,2026-09-23 14:28:00,2181.0,2181.0,2180.0,2180.0,304.0,0.0,1195002.0
c2611,DCE,2026-09-23 14:29:00,2180.0,2181.0,2180.0,2180.0,74.0,0.0,1194979.0
c2611,DCE,2026-09-23 14:30:00,2180.0,2181.0,2180.0,2181.0,591.0,0.0,1194973.0
c2611,DCE,2026-09-23 14:31:00,2181.0,2181.0,2180.0,2181.0,245.0,0.0,1194817.0
c2611,DCE,2026-09-23 14:32:00,2181.0,2181.0,2180.0,2180.0,194.0,0.0,1194833.0
c2611,DCE,2026-09-23 14:33:00,2180.0,2181.0,2180.0,2181.0,276.0,0.0,1194791.0
c2611,DCE,2026-09-23 14:34:00,2181.0,2182.0,2180.0,2182.0,3456.0,0.0,1194754.0
c2611,DCE,2026-09-23 14:35:00,2182.0,2183.0,2181.0,2182.0,3225.0,0.0,1195615.0
c2611,DCE,2026-09-23 14:36:00,2182.0,2182.0,2181.0,2182.0,338.0,0.0,1195647.0
c2611,DCE,2026-09-23 14:37:00,2182.0,2182.0,2181.0,2182.0,397.0,0.0,1195581.0
c2611,DCE,2026-09-23 14:38:00,2182.0,2182.0,2181.0,2182.0,1020.0,0.0,1195456.0
c2611,DCE,2026-09-23 14:39:00,2182.0,2183.0,2181.0,2182.0,1271.0,0.0,1195481.0
c2611,DCE,2026-09-23 14:40:00,2182.0,2182.0,2181.0,2181.0,120.0,0.0,1195434.0
c2611,DCE,2026-09-23 14:41:00,2181.0,2183.0,2181.0,2183.0,2302.0,0.0,1195425.0
c2611,DCE,2026-09-23 14:42:00,2183.0,2183.0,2182.0,2182.0,470.0,0.0,1194842.0
c2611,DCE,2026-09-23 14:43:00,2182.0,2183.0,2182.0,2182.0,1874.0,0.0,1194910.0
c2611,DCE,2026-09-23 14:44:00,2182.0,2184.0,2182.0,2184.0,2166.0,0.0,1194971.0
c2611,DCE,2026-09-23 14:45:00,2184.0,2184.0,2182.0,2183.0,5009.0,0.0,1194746.0
c2611,DCE,2026-09-23 14:46:00,2183.0,2184.0,2182.0,2183.0,1283.0,0.0,1193677.0
c2611,DCE,2026-09-23 14:47:00,2183.0,2183.0,2182.0,2183.0,142.0,0.0,1193405.0
c2611,DCE,2026-09-23 14:48:00,2183.0,2183.0,2182.0,2183.0,182.0,0.0,1193388.0
c2611,DCE,2026-09-23 14:49:00,2183.0,2183.0,2182.0,2182.0,208.0,0.0,1193417.0
c2611,DCE,2026-09-23 14:50:00,2182.0,2183.0,2182.0,2183.0,196.0,0.0,1193396.0
c2611,DCE,2026-09-23 14:51:00,2183.0,2183.0,2182.0,2183.0,259.0,0.0,1193463.0
c2611,DCE,2026-09-23 14:52:00,2183.0,2184.0,2182.0,2184.0,2561.0,0.0,1193434.0
c2611,DCE,2026-09-23 14:53:00,2184.0,2184.0,2183.0,2184.0,655.0,0.0,1192471.0
c2611,DCE,2026-09-23 14:54:00,2184.0,2185.0,2183.0,2184.0,2397.0,0.0,1192195.0
c2611,DCE,2026-09-23 14:55:00,2184.0,2185.0,2184.0,2185.0,1547.0,0.0,1191344.0
c2611,DCE,2026-09-23 14:56:00,2185.0,2186.0,2184.0,2184.0,4210.0,0.0,1191173.0
c2611,DCE,2026-09-23 14:57:00,2184.0,2185.0,2184.0,2184.0,1506.0,0.0,1191291.0
c2611,DCE,2026-09-23 14:58:00,2184.0,2185.0,2184.0,2184.0,2116.0,0.0,1191092.0
c2611,DCE,2026-09-23 14:59:00,2184.0,2185.0,2183.0,2184.0,3263.0,0.0,1189772.0
c2611,DCE,2026-09-23 21:00:00,2185.0,2187.0,2183.0,2183.0,10360.0,0.0,1187990.0
c2611,DCE,2026-09-23 21:01:00,2183.0,2185.0,2183.0,2184.0,4961.0,0.0,1186929.0
c2611,DCE,2026-09-23 21:02:00,2184.0,2185.0,2184.0,2185.0,1722.0,0.0,1186666.0
c2611,DCE,2026-09-23 21:03:00,2185.0,2185.0,2184.0,2185.0,1455.0,0.0,1186798.0
c2611,DCE,2026-09-23 21:04:00,2185.0,2186.0,2184.0,2185.0,3854.0,0.0,1186584.0
c2611,DCE,2026-09-23 21:05:00,2185.0,2186.0,2184.0,2185.0,6660.0,0.0,1187349.0
c2611,DCE,2026-09-23 21:06:00,2185.0,2186.0,2185.0,2186.0,2895.0,0.0,1187517.0
c2611,DCE,2026-09-23 21:07:00,2186.0,2187.0,2185.0,2187.0,3957.0,0.0,1187143.0
c2611,DCE,2026-09-23 21:08:00,2187.0,2187.0,2185.0,2187.0,1975.0,0.0,1186641.0
c2611,DCE,2026-09-23 21:09:00,2187.0,2187.0,2186.0,2187.0,1211.0,0.0,1186379.0
c2611,DCE,2026-09-23 21:10:00,2187.0,2187.0,2184.0,2184.0,3935.0,0.0,1186546.0
c2611,DCE,2026-09-23 21:11:00,2184.0,2185.0,2183.0,2184.0,2639.0,0.0,1185066.0
c2611,DCE,2026-09-23 21:12:00,2184.0,2184.0,2183.0,2184.0,652.0,0.0,1185548.0
c2611,DCE,2026-09-23 21:13:00,2184.0,2184.0,2182.0,2182.0,2868.0,0.0,1185636.0
c2611,DCE,2026-09-23 21:14:00,2182.0,2183.0,2181.0,2181.0,3161.0,0.0,1185574.0
c2611,DCE,2026-09-23 21:15:00,2181.0,2182.0,2180.0,2180.0,2661.0,0.0,1184922.0
c2611,DCE,2026-09-23 21:16:00,2180.0,2181.0,2180.0,2180.0,2330.0,0.0,1185236.0
c2611,DCE,2026-09-23 21:17:00,2180.0,2181.0,2177.0,2179.0,17000.0,0.0,1184652.0
c2611,DCE,2026-09-23 21:18:00,2179.0,2180.0,2178.0,2179.0,2456.0,0.0,1186510.0
c2611,DCE,2026-09-23 21:19:00,2179.0,2180.0,2178.0,2179.0,4934.0,0.0,1186320.0
c2611,DCE,2026-09-23 21:20:00,2179.0,2180.0,2178.0,2180.0,2863.0,0.0,1185078.0
c2611,DCE,2026-09-23 21:21:00,2180.0,2180.0,2179.0,2180.0,955.0,0.0,1185096.0
c2611,DCE,2026-09-23 21:22:00,2180.0,2180.0,2179.0,2180.0,408.0,0.0,1185022.0
c2611,DCE,2026-09-23 21:23:00,2180.0,2180.0,2179.0,2180.0,535.0,0.0,1184727.0
c2611,DCE,2026-09-23 21:24:00,2180.0,2180.0,2179.0,2179.0,1512.0,0.0,1184694.0
c2611,DCE,2026-09-23 21:25:00,2179.0,2180.0,2179.0,2180.0,547.0,0.0,1184936.0
c2611,DCE,2026-09-23 21:26:00,2180.0,2180.0,2179.0,2180.0,605.0,0.0,1184944.0
c2611,DCE,2026-09-23 21:27:00,2180.0,2180.0,2178.0,2178.0,4673.0,0.0,1184825.0
c2611,DCE,2026-09-23 21:28:00,2178.0,2179.0,2178.0,2179.0,560.0,0.0,1184378.0
c2611,DCE,2026-09-23 21:29:00,2179.0,2179.0,2178.0,2179.0,488.0,0.0,1184427.0
c2611,DCE,2026-09-23 21:30:00,2179.0,2179.0,2178.0,2178.0,587.0,0.0,1184130.0
c2611,DCE,2026-09-23 21:31:00,2178.0,2179.0,2178.0,2178.0,525.0,0.0,1183882.0
c2611,DCE,2026-09-23 21:32:00,2178.0,2179.0,2177.0,2178.0,2654.0,0.0,1183705.0
c2611,DCE,2026-09-23 21:33:00,2178.0,2178.0,2177.0,2177.0,802.0,0.0,1183854.0
c2611,DCE,2026-09-23 21:34:00,2177.0,2179.0,2176.0,2179.0,5706.0,0.0,1183722.0
c2611,DCE,2026-09-23 21:35:00,2179.0,2180.0,2178.0,2180.0,1806.0,0.0,1183892.0
c2611,DCE,2026-09-23 21:36:00,2180.0,2180.0,2178.0,2178.0,1096.0,0.0,1183290.0
c2611,DCE,2026-09-23 21:37:00,2178.0,2179.0,2178.0,2179.0,607.0,0.0,1182885.0
c2611,DCE,2026-09-23 21:38:00,2179.0,2179.0,2178.0,2178.0,259.0,0.0,1182374.0
c2611,DCE,2026-09-23 21:39:00,2178.0,2179.0,2177.0,2178.0,1898.0,0.0,1182194.0
c2611,DCE,2026-09-23 21:40:00,2178.0,2179.0,2177.0,2178.0,1278.0,0.0,1181670.0
c2611,DCE,2026-09-23 21:41:00,2178.0,2179.0,2178.0,2179.0,283.0,0.0,1181638.0
c2611,DCE,2026-09-23 21:42:00,2179.0,2179.0,2178.0,2178.0,1029.0,0.0,1181636.0
c2611,DCE,2026-09-23 21:43:00,2178.0,2179.0,2178.0,2178.0,226.0,0.0,1181804.0
c2611,DCE,2026-09-23 21:44:00,2178.0,2179.0,2178.0,2178.0,883.0,0.0,1181683.0
c2611,DCE,2026-09-23 21:45:00,2178.0,2180.0,2178.0,2179.0,1361.0,0.0,1181519.0
c2611,DCE,2026-09-23 21:46:00,2179.0,2180.0,2178.0,2179.0,547.0,0.0,1181724.0
c2611,DCE,2026-09-23 21:47:00,2179.0,2180.0,2179.0,2179.0,277.0,0.0,1181528.0
c2611,DCE,2026-09-23 21:48:00,2179.0,2180.0,2179.0,2180.0,303.0,0.0,1181547.0
c2611,DCE,2026-09-23 21:49:00,2180.0,2180.0,2179.0,2180.0,207.0,0.0,1181714.0
c2611,DCE,2026-09-23 21:50:00,2180.0,2180.0,2179.0,2179.0,257.0,0.0,1181755.0
c2611,DCE,2026-09-23 21:51:00,2179.0,2180.0,2179.0,2180.0,668.0,0.0,1181597.0
c2611,DCE,2026-09-23 21:52:00,2180.0,2180.0,2179.0,2179.0,102.0,0.0,1181484.0
c2611,DCE,2026-09-23 21:53:00,2179.0,2180.0,2178.0,2179.0,1313.0,0.0,1181450.0
c2611,DCE,2026-09-23 21:54:00,2179.0,2179.0,2178.0,2178.0,221.0,0.0,1181510.0
c2611,DCE,2026-09-23 21:55:00,2178.0,2179.0,2178.0,2178.0,151.0,0.0,1181484.0
c2611,DCE,2026-09-23 21:56:00,2178.0,2179.0,2178.0,2178.0,329.0,0.0,1181466.0
c2611,DCE,2026-09-23 21:57:00,2178.0,2179.0,2178.0,2178.0,114.0,0.0,1181488.0
c2611,DCE,2026-09-23 21:58:00,2178.0,2179.0,2178.0,2178.0,208.0,0.0,1181504.0
c2611,DCE,2026-09-23 21:59:00,2178.0,2179.0,2178.0,2179.0,135.0,0.0,1181607.0
c2611,DCE,2026-09-23 22:00:00,2179.0,2179.0,2178.0,2178.0,77.0,0.0,1181584.0
c2611,DCE,2026-09-23 22:01:00,2178.0,2179.0,2177.0,2177.0,1924.0,0.0,1181578.0
c2611,DCE,2026-09-23 22:02:00,2177.0,2178.0,2177.0,2177.0,921.0,0.0,1181772.0
c2611,DCE,2026-09-23 22:03:00,2177.0,2178.0,2177.0,2177.0,118.0,0.0,1181611.0
c2611,DCE,2026-09-23 22:04:00,2177.0,2178.0,2176.0,2178.0,6895.0,0.0,1181638.0
c2611,DCE,2026-09-23 22:05:00,2178.0,2178.0,2176.0,2177.0,1145.0,0.0,1179966.0
c2611,DCE,2026-09-23 22:06:00,2177.0,2177.0,2175.0,2177.0,5701.0,0.0,1179880.0
c2611,DCE,2026-09-23 22:07:00,2177.0,2177.0,2176.0,2176.0,591.0,0.0,1180419.0
c2611,DCE,2026-09-23 22:08:00,2176.0,2177.0,2175.0,2175.0,2763.0,0.0,1180444.0
c2611,DCE,2026-09-23 22:09:00,2175.0,2176.0,2175.0,2175.0,977.0,0.0,1179191.0
c2611,DCE,2026-09-23 22:10:00,2175.0,2176.0,2175.0,2175.0,543.0,0.0,1178958.0
c2611,DCE,2026-09-23 22:11:00,2175.0,2177.0,2175.0,2177.0,4052.0,0.0,1178790.0
c2611,DCE,2026-09-23 22:12:00,2177.0,2177.0,2175.0,2176.0,1106.0,0.0,1179085.0
c2611,DCE,2026-09-23 22:13:00,2176.0,2176.0,2175.0,2176.0,314.0,0.0,1179236.0
c2611,DCE,2026-09-23 22:14:00,2176.0,2176.0,2175.0,2175.0,260.0,0.0,1179236.0
c2611,DCE,2026-09-23 22:15:00,2175.0,2176.0,2175.0,2176.0,379.0,0.0,1179304.0
c2611,DCE,2026-09-23 22:16:00,2176.0,2176.0,2174.0,2175.0,2914.0,0.0,1179391.0
c2611,DCE,2026-09-23 22:17:00,2175.0,2176.0,2175.0,2176.0,1131.0,0.0,1179915.0
c2611,DCE,2026-09-23 22:18:00,2176.0,2176.0,2175.0,2175.0,151.0,0.0,1179869.0
c2611,DCE,2026-09-23 22:19:00,2175.0,2176.0,2175.0,2176.0,99.0,0.0,1179910.0
c2611,DCE,2026-09-23 22:20:00,2176.0,2176.0,2175.0,2176.0,386.0,0.0,1179915.0
c2611,DCE,2026-09-23 22:21:00,2176.0,2176.0,2175.0,2175.0,234.0,0.0,1179805.0
c2611,DCE,2026-09-23 22:22:00,2175.0,2176.0,2175.0,2176.0,191.0,0.0,1179772.0
c2611,DCE,2026-09-23 22:23:00,2176.0,2176.0,2175.0,2176.0,325.0,0.0,1179740.0
c2611,DCE,2026-09-23 22:24:00,2176.0,2176.0,2175.0,2175.0,186.0,0.0,1179723.0
c2611,DCE,2026-09-23 22:25:00,2175.0,2176.0,2175.0,2175.0,283.0,0.0,1179699.0
c2611,DCE,2026-09-23 22:26:00,2175.0,2176.0,2175.0,2175.0,408.0,0.0,1179743.0
c2611,DCE,2026-09-23 22:27:00,2175.0,2177.0,2175.0,2177.0,4270.0,0.0,1179543.0
c2611,DCE,2026-09-23 22:28:00,2177.0,2177.0,2176.0,2176.0,267.0,0.0,1180675.0
c2611,DCE,2026-09-23 22:29:00,2176.0,2177.0,2176.0,2176.0,147.0,0.0,1180692.0
c2611,DCE,2026-09-23 22:30:00,2176.0,2177.0,2176.0,2177.0,138.0,0.0,1180740.0
c2611,DCE,2026-09-23 22:31:00,2177.0,2177.0,2176.0,2176.0,77.0,0.0,1180704.0
c2611,DCE,2026-09-23 22:32:00,2176.0,2177.0,2176.0,2177.0,59.0,0.0,1180741.0
c2611,DCE,2026-09-23 22:33:00,2177.0,2177.0,2176.0,2177.0,76.0,0.0,1180731.0
c2611,DCE,2026-09-23 22:34:00,2177.0,2177.0,2176.0,2177.0,221.0,0.0,1180721.0
c2611,DCE,2026-09-23 22:35:00,2177.0,2177.0,2176.0,2177.0,183.0,0.0,1180684.0
c2611,DCE,2026-09-23 22:36:00,2177.0,2177.0,2176.0,2176.0,296.0,0.0,1180713.0
c2611,DCE,2026-09-23 22:37:00,2176.0,2177.0,2176.0,2176.0,347.0,0.0,1180555.0
c2611,DCE,2026-09-23 22:38:00,2176.0,2177.0,2176.0,2176.0,205.0,0.0,1180605.0
c2611,DCE,2026-09-23 22:39:00,2176.0,2177.0,2175.0,2176.0,1925.0,0.0,1180577.0
c2611,DCE,2026-09-23 22:40:00,2176.0,2177.0,2176.0,2176.0,75.0,0.0,1180656.0
c2611,DCE,2026-09-23 22:41:00,2176.0,2177.0,2176.0,2176.0,134.0,0.0,1180617.0
c2611,DCE,2026-09-23 22:42:00,2176.0,2177.0,2176.0,2177.0,75.0,0.0,1180618.0
c2611,DCE,2026-09-23 22:43:00,2177.0,2177.0,2176.0,2176.0,104.0,0.0,1180601.0
c2611,DCE,2026-09-23 22:44:00,2176.0,2177.0,2176.0,2176.0,67.0,0.0,1180633.0
c2611,DCE,2026-09-23 22:45:00,2176.0,2177.0,2176.0,2177.0,93.0,0.0,1180620.0
c2611,DCE,2026-09-23 22:46:00,2177.0,2177.0,2176.0,2177.0,101.0,0.0,1180623.0
c2611,DCE,2026-09-23 22:47:00,2177.0,2177.0,2176.0,2177.0,129.0,0.0,1180623.0
c2611,DCE,2026-09-23 22:48:00,2177.0,2177.0,2176.0,2176.0,64.0,0.0,1180624.0
c2611,DCE,2026-09-23 22:49:00,2176.0,2177.0,2176.0,2177.0,35.0,0.0,1180597.0
c2611,DCE,2026-09-23 22:50:00,2177.0,2177.0,2176.0,2176.0,556.0,0.0,1180579.0
c2611,DCE,2026-09-23 22:51:00,2176.0,2177.0,2176.0,2176.0,838.0,0.0,1180437.0
c2611,DCE,2026-09-23 22:52:00,2176.0,2177.0,2176.0,2176.0,80.0,0.0,1179920.0
c2611,DCE,2026-09-23 22:53:00,2176.0,2177.0,2176.0,2177.0,211.0,0.0,1179916.0
c2611,DCE,2026-09-23 22:54:00,2177.0,2177.0,2176.0,2176.0,3432.0,0.0,1179821.0
c2611,DCE,2026-09-23 22:55:00,2176.0,2177.0,2176.0,2176.0,133.0,0.0,1180038.0
c2611,DCE,2026-09-23 22:56:00,2176.0,2177.0,2176.0,2176.0,1035.0,0.0,1180057.0
c2611,DCE,2026-09-23 22:57:00,2176.0,2177.0,2175.0,2176.0,2154.0,0.0,1179923.0
c2611,DCE,2026-09-23 22:58:00,2176.0,2176.0,2175.0,2175.0,589.0,0.0,1180185.0
c2611,DCE,2026-09-23 22:59:00,2175.0,2176.0,2175.0,2175.0,2078.0,0.0,1180154.0
c2611,DCE,2026-09-24 09:00:00,2176.0,2177.0,2174.0,2175.0,4516.0,0.0,1178672.0
c2611,DCE,2026-09-24 09:01:00,2175.0,2175.0,2173.0,2174.0,3631.0,0.0,1178956.0
c2611,DCE,2026-09-24 09:02:00,2174.0,2174.0,2173.0,2173.0,1191.0,0.0,1179094.0
c2611,DCE,2026-09-24 09:03:00,2173.0,2174.0,2172.0,2173.0,5745.0,0.0,1179107.0
c2611,DCE,2026-09-24 09:04:00,2173.0,2174.0,2172.0,2173.0,1225.0,0.0,1179445.0
c2611,DCE,2026-09-24 09:05:00,2173.0,2174.0,2173.0,2174.0,2221.0,0.0,1179264.0
c2611,DCE,2026-09-24 09:06:00,2174.0,2175.0,2173.0,2173.0,2544.0,0.0,1178951.0
c2611,DCE,2026-09-24 09:07:00,2173.0,2174.0,2173.0,2173.0,2715.0,0.0,1179090.0
c2611,DCE,2026-09-24 09:08:00,2173.0,2174.0,2172.0,2172.0,912.0,0.0,1178845.0
c2611,DCE,2026-09-24 09:09:00,2172.0,2173.0,2172.0,2173.0,1478.0,0.0,1179114.0
c2611,DCE,2026-09-24 09:10:00,2173.0,2173.0,2171.0,2171.0,2445.0,0.0,1179781.0
c2611,DCE,2026-09-24 09:11:00,2171.0,2172.0,2170.0,2171.0,3981.0,0.0,1180900.0
c2611,DCE,2026-09-24 09:12:00,2171.0,2172.0,2170.0,2171.0,1868.0,0.0,1182034.0
c2611,DCE,2026-09-24 09:13:00,2171.0,2172.0,2171.0,2172.0,1638.0,0.0,1181127.0
c2611,DCE,2026-09-24 09:14:00,2172.0,2172.0,2171.0,2171.0,709.0,0.0,1180825.0
c2611,DCE,2026-09-24 09:15:00,2171.0,2172.0,2171.0,2171.0,874.0,0.0,1181088.0
c2611,DCE,2026-09-24 09:16:00,2171.0,2173.0,2171.0,2171.0,2838.0,0.0,1181184.0
c2611,DCE,2026-09-24 09:17:00,2171.0,2172.0,2170.0,2170.0,2070.0,0.0,1180606.0
c2611,DCE,2026-09-24 09:18:00,2170.0,2172.0,2170.0,2171.0,4266.0,0.0,1180992.0
c2611,DCE,2026-09-24 09:19:00,2171.0,2172.0,2171.0,2171.0,455.0,0.0,1181191.0
c2611,DCE,2026-09-24 09:20:00,2171.0,2172.0,2170.0,2171.0,1474.0,0.0,1180977.0
c2611,DCE,2026-09-24 09:21:00,2171.0,2172.0,2171.0,2172.0,1747.0,0.0,1180902.0
c2611,DCE,2026-09-24 09:22:00,2172.0,2173.0,2172.0,2173.0,386.0,0.0,1180663.0
c2611,DCE,2026-09-24 09:23:00,2173.0,2173.0,2172.0,2172.0,917.0,0.0,1180577.0
c2611,DCE,2026-09-24 09:24:00,2172.0,2174.0,2172.0,2174.0,1543.0,0.0,1180325.0
c2611,DCE,2026-09-24 09:25:00,2174.0,2174.0,2173.0,2173.0,267.0,0.0,1180003.0
c2611,DCE,2026-09-24 09:26:00,2173.0,2174.0,2173.0,2173.0,713.0,0.0,1179942.0
c2611,DCE,2026-09-24 09:27:00,2173.0,2174.0,2173.0,2173.0,275.0,0.0,1180211.0
c2611,DCE,2026-09-24 09:28:00,2173.0,2174.0,2173.0,2173.0,1210.0,0.0,1180235.0
c2611,DCE,2026-09-24 09:29:00,2173.0,2174.0,2173.0,2173.0,236.0,0.0,1180226.0
c2611,DCE,2026-09-24 09:30:00,2173.0,2174.0,2172.0,2172.0,2312.0,0.0,1180136.0
c2611,DCE,2026-09-24 09:31:00,2172.0,2175.0,2172.0,2175.0,3720.0,0.0,1179890.0
c2611,DCE,2026-09-24 09:32:00,2175.0,2175.0,2174.0,2175.0,522.0,0.0,1180984.0
c2611,DCE,2026-09-24 09:33:00,2175.0,2175.0,2174.0,2175.0,512.0,0.0,1180904.0
c2611,DCE,2026-09-24 09:34:00,2175.0,2177.0,2174.0,2177.0,5622.0,0.0,1180998.0
c2611,DCE,2026-09-24 09:35:00,2177.0,2178.0,2176.0,2176.0,2452.0,0.0,1182221.0
c2611,DCE,2026-09-24 09:36:00,2176.0,2177.0,2176.0,2176.0,3529.0,0.0,1181610.0
c2611,DCE,2026-09-24 09:37:00,2176.0,2176.0,2175.0,2176.0,1767.0,0.0,1180684.0
c2611,DCE,2026-09-24 09:38:00,2176.0,2176.0,2175.0,2176.0,1217.0,0.0,1180713.0
c2611,DCE,2026-09-24 09:39:00,2176.0,2176.0,2175.0,2175.0,318.0,0.0,1180468.0
c2611,DCE,2026-09-24 09:40:00,2175.0,2177.0,2175.0,2177.0,1470.0,0.0,1180543.0
c2611,DCE,2026-09-24 09:41:00,2177.0,2177.0,2176.0,2177.0,226.0,0.0,1180846.0
c2611,DCE,2026-09-24 09:42:00,2177.0,2177.0,2176.0,2177.0,275.0,0.0,1180908.0
c2611,DCE,2026-09-24 09:43:00,2177.0,2177.0,2175.0,2176.0,2562.0,0.0,1180844.0
c2611,DCE,2026-09-24 09:44:00,2176.0,2176.0,2175.0,2175.0,693.0,0.0,1179937.0
c2611,DCE,2026-09-24 09:45:00,2175.0,2176.0,2175.0,2176.0,595.0,0.0,1180163.0
c2611,DCE,2026-09-24 09:46:00,2176.0,2177.0,2175.0,2176.0,1037.0,0.0,1180032.0
c2611,DCE,2026-09-24 09:47:00,2176.0,2177.0,2175.0,2176.0,992.0,0.0,1180050.0
c2611,DCE,2026-09-24 09:48:00,2176.0,2176.0,2175.0,2176.0,383.0,0.0,1179700.0
c2611,DCE,2026-09-24 09:49:00,2176.0,2176.0,2174.0,2174.0,2206.0,0.0,1179700.0
c2611,DCE,2026-09-24 09:50:00,2174.0,2175.0,2174.0,2175.0,184.0,0.0,1179762.0
c2611,DCE,2026-09-24 09:51:00,2175.0,2176.0,2174.0,2175.0,1556.0,0.0,1179663.0
c2611,DCE,2026-09-24 09:52:00,2175.0,2176.0,2175.0,2175.0,178.0,0.0,1179254.0
c2611,DCE,2026-09-24 09:53:00,2175.0,2176.0,2174.0,2175.0,1509.0,0.0,1179238.0
c2611,DCE,2026-09-24 09:54:00,2175.0,2175.0,2174.0,2174.0,772.0,0.0,1179012.0
c2611,DCE,2026-09-24 09:55:00,2174.0,2175.0,2174.0,2174.0,220.0,0.0,1178719.0
c2611,DCE,2026-09-24 09:56:00,2174.0,2175.0,2173.0,2173.0,1448.0,0.0,1178728.0
c2611,DCE,2026-09-24 09:57:00,2173.0,2174.0,2173.0,2174.0,255.0,0.0,1178131.0
c2611,DCE,2026-09-24 09:58:00,2174.0,2174.0,2173.0,2173.0,784.0,0.0,1178073.0
c2611,DCE,2026-09-24 09:59:00,2173.0,2174.0,2173.0,2173.0,145.0,0.0,1178306.0
c2611,DCE,2026-09-24 10:00:00,2173.0,2174.0,2173.0,2173.0,323.0,0.0,1178240.0
c2611,DCE,2026-09-24 10:01:00,2173.0,2175.0,2173.0,2175.0,2215.0,0.0,1178253.0
c2611,DCE,2026-09-24 10:02:00,2175.0,2176.0,2175.0,2176.0,1374.0,0.0,1178072.0
c2611,DCE,2026-09-24 10:03:00,2176.0,2176.0,2175.0,2176.0,1120.0,0.0,1177466.0
c2611,DCE,2026-09-24 10:04:00,2176.0,2176.0,2175.0,2176.0,694.0,0.0,1177217.0
c2611,DCE,2026-09-24 10:05:00,2176.0,2177.0,2175.0,2176.0,1330.0,0.0,1176754.0
c2611,DCE,2026-09-24 10:06:00,2176.0,2177.0,2175.0,2176.0,811.0,0.0,1176894.0
c2611,DCE,2026-09-24 10:07:00,2176.0,2176.0,2174.0,2174.0,1363.0,0.0,1176713.0
c2611,DCE,2026-09-24 10:08:00,2174.0,2175.0,2174.0,2174.0,324.0,0.0,1176551.0
c2611,DCE,2026-09-24 10:09:00,2174.0,2175.0,2174.0,2174.0,643.0,0.0,1176610.0
c2611,DCE,2026-09-24 10:10:00,2174.0,2175.0,2174.0,2175.0,373.0,0.0,1176664.0
c2611,DCE,2026-09-24 10:11:00,2175.0,2176.0,2174.0,2174.0,2273.0,0.0,1176480.0
c2611,DCE,2026-09-24 10:12:00,2174.0,2175.0,2174.0,2175.0,833.0,0.0,1176643.0
c2611,DCE,2026-09-24 10:13:00,2175.0,2176.0,2174.0,2175.0,1009.0,0.0,1177033.0
c2611,DCE,2026-09-24 10:14:00,2175.0,2176.0,2174.0,2175.0,1303.0,0.0,1176832.0
c2611,DCE,2026-09-24 10:30:00,2175.0,2175.0,2174.0,2174.0,464.0,0.0,1176394.0
c2611,DCE,2026-09-24 10:31:00,2174.0,2175.0,2174.0,2175.0,317.0,0.0,1176317.0
c2611,DCE,2026-09-24 10:32:00,2175.0,2175.0,2174.0,2175.0,520.0,0.0,1176181.0
c2611,DCE,2026-09-24 10:33:00,2175.0,2175.0,2174.0,2175.0,208.0,0.0,1176096.0
c2611,DCE,2026-09-24 10:34:00,2175.0,2175.0,2174.0,2174.0,411.0,0.0,1176032.0
c2611,DCE,2026-09-24 10:35:00,2174.0,2175.0,2174.0,2174.0,157.0,0.0,1175924.0
c2611,DCE,2026-09-24 10:36:00,2174.0,2175.0,2173.0,2173.0,1255.0,0.0,1175849.0
c2611,DCE,2026-09-24 10:37:00,2173.0,2174.0,2173.0,2174.0,271.0,0.0,1175532.0
c2611,DCE,2026-09-24 10:38:00,2174.0,2174.0,2173.0,2174.0,280.0,0.0,1175564.0
c2611,DCE,2026-09-24 10:39:00,2174.0,2174.0,2173.0,2173.0,623.0,0.0,1175546.0
c2611,DCE,2026-09-24 10:40:00,2173.0,2174.0,2173.0,2173.0,328.0,0.0,1175484.0
c2611,DCE,2026-09-24 10:41:00,2173.0,2174.0,2173.0,2173.0,753.0,0.0,1175405.0
c2611,DCE,2026-09-24 10:42:00,2173.0,2175.0,2173.0,2175.0,1432.0,0.0,1175390.0
c2611,DCE,2026-09-24 10:43:00,2175.0,2175.0,2174.0,2175.0,766.0,0.0,1175128.0
c2611,DCE,2026-09-24 10:44:00,2175.0,2176.0,2174.0,2175.0,972.0,0.0,1175449.0
c2611,DCE,2026-09-24 10:45:00,2175.0,2176.0,2174.0,2175.0,2274.0,0.0,1175437.0
c2611,DCE,2026-09-24 10:46:00,2175.0,2175.0,2173.0,2175.0,2267.0,0.0,1176187.0
c2611,DCE,2026-09-24 10:47:00,2175.0,2175.0,2174.0,2174.0,231.0,0.0,1176583.0
c2611,DCE,2026-09-24 10:48:00,2174.0,2176.0,2174.0,2175.0,1282.0,0.0,1176502.0
c2611,DCE,2026-09-24 10:49:00,2175.0,2176.0,2175.0,2175.0,169.0,0.0,1176622.0
c2611,DCE,2026-09-24 10:50:00,2175.0,2176.0,2175.0,2175.0,296.0,0.0,1176539.0
c2611,DCE,2026-09-24 10:51:00,2175.0,2176.0,2175.0,2176.0,228.0,0.0,1176312.0
c2611,DCE,2026-09-24 10:52:00,2176.0,2177.0,2175.0,2177.0,1597.0,0.0,1176288.0
c2611,DCE,2026-09-24 10:53:00,2177.0,2177.0,2176.0,2177.0,362.0,0.0,1176428.0
c2611,DCE,2026-09-24 10:54:00,2177.0,2177.0,2176.0,2177.0,202.0,0.0,1176342.0
c2611,DCE,2026-09-24 10:55:00,2177.0,2177.0,2176.0,2177.0,1056.0,0.0,1176348.0
c2611,DCE,2026-09-24 10:56:00,2177.0,2177.0,2176.0,2177.0,3596.0,0.0,1176212.0
c2611,DCE,2026-09-24 10:57:00,2177.0,2177.0,2176.0,2176.0,283.0,0.0,1175820.0
c2611,DCE,2026-09-24 10:58:00,2176.0,2177.0,2176.0,2177.0,161.0,0.0,1175902.0
c2611,DCE,2026-09-24 10:59:00,2177.0,2177.0,2175.0,2176.0,2536.0,0.0,1175942.0
c2611,DCE,2026-09-24 11:00:00,2176.0,2176.0,2175.0,2176.0,187.0,0.0,1175327.0
c2611,DCE,2026-09-24 11:01:00,2176.0,2178.0,2175.0,2177.0,4231.0,0.0,1175341.0
c2611,DCE,2026-09-24 11:02:00,2177.0,2178.0,2177.0,2177.0,651.0,0.0,1174850.0
c2611,DCE,2026-09-24 11:03:00,2177.0,2178.0,2177.0,2178.0,2251.0,0.0,1174531.0
c2611,DCE,2026-09-24 11:04:00,2178.0,2180.0,2178.0,2180.0,6321.0,0.0,1173943.0
c2611,DCE,2026-09-24 11:05:00,2180.0,2180.0,2179.0,2180.0,1264.0,0.0,1174721.0
c2611,DCE,2026-09-24 11:06:00,2180.0,2180.0,2177.0,2177.0,4950.0,0.0,1175098.0
c2611,DCE,2026-09-24 11:07:00,2177.0,2179.0,2177.0,2179.0,1230.0,0.0,1173856.0
c2611,DCE,2026-09-24 11:08:00,2179.0,2179.0,2177.0,2177.0,1864.0,0.0,1173852.0
c2611,DCE,2026-09-24 11:09:00,2177.0,2178.0,2177.0,2178.0,229.0,0.0,1173721.0
c2611,DCE,2026-09-24 11:10:00,2178.0,2178.0,2177.0,2178.0,332.0,0.0,1173566.0
c2611,DCE,2026-09-24 11:11:00,2178.0,2179.0,2177.0,2178.0,1742.0,0.0,1173336.0
c2611,DCE,2026-09-24 11:12:00,2178.0,2179.0,2178.0,2178.0,328.0,0.0,1173522.0
c2611,DCE,2026-09-24 11:13:00,2178.0,2179.0,2178.0,2178.0,232.0,0.0,1173383.0
c2611,DCE,2026-09-24 11:14:00,2178.0,2179.0,2177.0,2179.0,2078.0,0.0,1173308.0
c2611,DCE,2026-09-24 11:15:00,2179.0,2179.0,2178.0,2179.0,540.0,0.0,1172982.0
c2611,DCE,2026-09-24 11:16:00,2179.0,2179.0,2177.0,2177.0,958.0,0.0,1173027.0
c2611,DCE,2026-09-24 11:17:00,2177.0,2178.0,2177.0,2177.0,730.0,0.0,1172700.0
c2611,DCE,2026-09-24 11:18:00,2177.0,2178.0,2177.0,2178.0,520.0,0.0,1172341.0
c2611,DCE,2026-09-24 11:19:00,2178.0,2179.0,2177.0,2179.0,769.0,0.0,1172099.0
c2611,DCE,2026-09-24 11:20:00,2179.0,2179.0,2177.0,2178.0,683.0,0.0,1172066.0
c2611,DCE,2026-09-24 11:21:00,2178.0,2179.0,2177.0,2179.0,610.0,0.0,1171903.0
c2611,DCE,2026-09-24 11:22:00,2179.0,2179.0,2178.0,2179.0,693.0,0.0,1171961.0
c2611,DCE,2026-09-24 11:23:00,2179.0,2179.0,2178.0,2179.0,441.0,0.0,1171675.0
c2611,DCE,2026-09-24 11:24:00,2179.0,2179.0,2178.0,2178.0,921.0,0.0,1171844.0
c2611,DCE,2026-09-24 11:25:00,2178.0,2179.0,2178.0,2179.0,739.0,0.0,1172117.0
c2611,DCE,2026-09-24 11:26:00,2179.0,2179.0,2178.0,2178.0,2081.0,0.0,1171691.0
c2611,DCE,2026-09-24 11:27:00,2178.0,2179.0,2177.0,2178.0,845.0,0.0,1172160.0
c2611,DCE,2026-09-24 11:28:00,2178.0,2179.0,2177.0,2178.0,1136.0,0.0,1172129.0
c2611,DCE,2026-09-24 11:29:00,2178.0,2179.0,2177.0,2179.0,2044.0,0.0,1171979.0
c2611,DCE,2026-09-24 13:30:00,2179.0,2179.0,2177.0,2177.0,2134.0,0.0,1171321.0
c2611,DCE,2026-09-24 13:31:00,2177.0,2178.0,2177.0,2177.0,291.0,0.0,1170480.0
c2611,DCE,2026-09-24 13:32:00,2177.0,2178.0,2177.0,2178.0,357.0,0.0,1170538.0
c2611,DCE,2026-09-24 13:33:00,2178.0,2178.0,2176.0,2176.0,1635.0,0.0,1170322.0
c2611,DCE,2026-09-24 13:34:00,2176.0,2178.0,2176.0,2177.0,850.0,0.0,1170471.0
c2611,DCE,2026-09-24 13:35:00,2177.0,2179.0,2177.0,2179.0,1227.0,0.0,1170239.0
c2611,DCE,2026-09-24 13:36:00,2179.0,2179.0,2178.0,2179.0,182.0,0.0,1170363.0
c2611,DCE,2026-09-24 13:37:00,2179.0,2179.0,2178.0,2179.0,154.0,0.0,1170415.0
c2611,DCE,2026-09-24 13:38:00,2179.0,2179.0,2178.0,2179.0,186.0,0.0,1170463.0
c2611,DCE,2026-09-24 13:39:00,2179.0,2179.0,2178.0,2178.0,169.0,0.0,1170501.0
c2611,DCE,2026-09-24 13:40:00,2178.0,2179.0,2178.0,2178.0,178.0,0.0,1170539.0
c2611,DCE,2026-09-24 13:41:00,2178.0,2179.0,2177.0,2177.0,1514.0,0.0,1170540.0
c2611,DCE,2026-09-24 13:42:00,2177.0,2178.0,2177.0,2177.0,121.0,0.0,1170281.0
c2611,DCE,2026-09-24 13:43:00,2177.0,2178.0,2176.0,2176.0,1473.0,0.0,1170227.0
c2611,DCE,2026-09-24 13:44:00,2176.0,2177.0,2176.0,2176.0,1392.0,0.0,1170160.0
c2611,DCE,2026-09-24 13:45:00,2176.0,2177.0,2175.0,2175.0,1785.0,0.0,1170411.0
c2611,DCE,2026-09-24 13:46:00,2175.0,2176.0,2174.0,2176.0,2172.0,0.0,1170826.0
c2611,DCE,2026-09-24 13:47:00,2176.0,2176.0,2175.0,2176.0,198.0,0.0,1170221.0
c2611,DCE,2026-09-24 13:48:00,2176.0,2176.0,2174.0,2174.0,1935.0,0.0,1170190.0
c2611,DCE,2026-09-24 13:49:00,2174.0,2175.0,2174.0,2174.0,371.0,0.0,1169259.0
c2611,DCE,2026-09-24 13:50:00,2174.0,2176.0,2174.0,2175.0,2059.0,0.0,1169238.0
c2611,DCE,2026-09-24 13:51:00,2175.0,2176.0,2175.0,2175.0,301.0,0.0,1168722.0
c2611,DCE,2026-09-24 13:52:00,2175.0,2176.0,2175.0,2176.0,336.0,0.0,1168706.0
c2611,DCE,2026-09-24 13:53:00,2176.0,2176.0,2175.0,2176.0,369.0,0.0,1168562.0
c2611,DCE,2026-09-24 13:54:00,2176.0,2176.0,2175.0,2176.0,331.0,0.0,1168534.0
c2611,DCE,2026-09-24 13:55:00,2176.0,2176.0,2175.0,2175.0,346.0,0.0,1168475.0
c2611,DCE,2026-09-24 13:56:00,2175.0,2176.0,2175.0,2176.0,197.0,0.0,1168406.0
c2611,DCE,2026-09-24 13:57:00,2176.0,2176.0,2175.0,2175.0,501.0,0.0,1168414.0
c2611,DCE,2026-09-24 13:58:00,2175.0,2176.0,2174.0,2174.0,4114.0,0.0,1168345.0
c2611,DCE,2026-09-24 13:59:00,2174.0,2175.0,2174.0,2175.0,535.0,0.0,1168617.0
c2611,DCE,2026-09-24 14:00:00,2175.0,2175.0,2173.0,2175.0,3615.0,0.0,1168497.0
c2611,DCE,2026-09-24 14:01:00,2175.0,2175.0,2174.0,2174.0,149.0,0.0,1168615.0
c2611,DCE,2026-09-24 14:02:00,2174.0,2175.0,2174.0,2175.0,167.0,0.0,1168554.0
c2611,DCE,2026-09-24 14:03:00,2175.0,2175.0,2174.0,2175.0,154.0,0.0,1168505.0
c2611,DCE,2026-09-24 14:04:00,2175.0,2176.0,2174.0,2176.0,2086.0,0.0,1168407.0
c2611,DCE,2026-09-24 14:05:00,2176.0,2176.0,2175.0,2175.0,316.0,0.0,1167970.0
c2611,DCE,2026-09-24 14:06:00,2175.0,2176.0,2175.0,2176.0,383.0,0.0,1167928.0
c2611,DCE,2026-09-24 14:07:00,2176.0,2176.0,2175.0,2175.0,136.0,0.0,1167818.0
c2611,DCE,2026-09-24 14:08:00,2175.0,2176.0,2175.0,2176.0,122.0,0.0,1167797.0
c2611,DCE,2026-09-24 14:09:00,2176.0,2176.0,2174.0,2174.0,1735.0,0.0,1167708.0
c2611,DCE,2026-09-24 14:10:00,2174.0,2175.0,2174.0,2174.0,147.0,0.0,1168105.0
c2611,DCE,2026-09-24 14:11:00,2174.0,2175.0,2174.0,2174.0,251.0,0.0,1168047.0
c2611,DCE,2026-09-24 14:12:00,2174.0,2175.0,2174.0,2174.0,317.0,0.0,1168013.0
c2611,DCE,2026-09-24 14:13:00,2174.0,2175.0,2174.0,2174.0,149.0,0.0,1167926.0
c2611,DCE,2026-09-24 14:14:00,2174.0,2175.0,2174.0,2174.0,137.0,0.0,1167967.0
c2611,DCE,2026-09-24 14:15:00,2174.0,2175.0,2174.0,2175.0,201.0,0.0,1167943.0
c2611,DCE,2026-09-24 14:16:00,2175.0,2175.0,2174.0,2175.0,113.0,0.0,1167805.0
c2611,DCE,2026-09-24 14:17:00,2175.0,2175.0,2174.0,2174.0,785.0,0.0,1167793.0
c2611,DCE,2026-09-24 14:18:00,2174.0,2175.0,2174.0,2174.0,2023.0,0.0,1167645.0
c2611,DCE,2026-09-24 14:19:00,2174.0,2175.0,2174.0,2174.0,511.0,0.0,1167394.0
c2611,DCE,2026-09-24 14:20:00,2174.0,2175.0,2174.0,2174.0,277.0,0.0,1167724.0
c2611,DCE,2026-09-24 14:21:00,2174.0,2175.0,2174.0,2174.0,150.0,0.0,1167848.0
c2611,DCE,2026-09-24 14:22:00,2174.0,2175.0,2174.0,2174.0,141.0,0.0,1167789.0
c2611,DCE,2026-09-24 14:23:00,2174.0,2175.0,2174.0,2174.0,121.0,0.0,1167742.0
c2611,DCE,2026-09-24 14:24:00,2174.0,2175.0,2174.0,2174.0,372.0,0.0,1167685.0
c2611,DCE,2026-09-24 14:25:00,2174.0,2176.0,2174.0,2175.0,1902.0,0.0,1167524.0
c2611,DCE,2026-09-24 14:26:00,2175.0,2176.0,2175.0,2176.0,591.0,0.0,1166924.0
c2611,DCE,2026-09-24 14:27:00,2176.0,2176.0,2175.0,2176.0,192.0,0.0,1166777.0
c2611,DCE,2026-09-24 14:28:00,2176.0,2176.0,2175.0,2175.0,257.0,0.0,1166833.0
c2611,DCE,2026-09-24 14:29:00,2175.0,2176.0,2174.0,2174.0,4424.0,0.0,1166838.0
c2611,DCE,2026-09-24 14:30:00,2174.0,2176.0,2174.0,2176.0,1615.0,0.0,1166452.0
c2611,DCE,2026-09-24 14:31:00,2176.0,2176.0,2175.0,2175.0,234.0,0.0,1166106.0
c2611,DCE,2026-09-24 14:32:00,2175.0,2176.0,2175.0,2175.0,198.0,0.0,1166177.0
c2611,DCE,2026-09-24 14:33:00,2175.0,2176.0,2175.0,2175.0,153.0,0.0,1166082.0
c2611,DCE,2026-09-24 14:34:00,2175.0,2176.0,2175.0,2175.0,420.0,0.0,1165991.0
c2611,DCE,2026-09-24 14:35:00,2175.0,2176.0,2175.0,2175.0,289.0,0.0,1165996.0
c2611,DCE,2026-09-24 14:36:00,2175.0,2176.0,2175.0,2175.0,286.0,0.0,1165812.0
c2611,DCE,2026-09-24 14:37:00,2175.0,2176.0,2175.0,2175.0,192.0,0.0,1165847.0
c2611,DCE,2026-09-24 14:38:00,2175.0,2176.0,2175.0,2175.0,259.0,0.0,1165876.0
c2611,DCE,2026-09-24 14:39:00,2175.0,2176.0,2175.0,2175.0,809.0,0.0,1165935.0
c2611,DCE,2026-09-24 14:40:00,2175.0,2176.0,2175.0,2176.0,517.0,0.0,1166204.0
c2611,DCE,2026-09-24 14:41:00,2176.0,2176.0,2175.0,2176.0,1611.0,0.0,1166301.0
c2611,DCE,2026-09-24 14:42:00,2176.0,2176.0,2175.0,2175.0,2223.0,0.0,1166248.0
c2611,DCE,2026-09-24 14:43:00,2175.0,2176.0,2174.0,2175.0,5938.0,0.0,1165745.0
c2611,DCE,2026-09-24 14:44:00,2175.0,2178.0,2175.0,2178.0,4058.0,0.0,1165595.0
c2611,DCE,2026-09-24 14:45:00,2178.0,2181.0,2177.0,2181.0,8209.0,0.0,1164532.0
c2611,DCE,2026-09-24 14:46:00,2181.0,2181.0,2179.0,2180.0,5182.0,0.0,1163744.0
c2611,DCE,2026-09-24 14:47:00,2180.0,2180.0,2179.0,2179.0,976.0,0.0,1162765.0
c2611,DCE,2026-09-24 14:48:00,2179.0,2180.0,2178.0,2179.0,2365.0,0.0,1162790.0
c2611,DCE,2026-09-24 14:49:00,2179.0,2179.0,2178.0,2179.0,668.0,0.0,1162125.0
c2611,DCE,2026-09-24 14:50:00,2179.0,2179.0,2178.0,2179.0,551.0,0.0,1162407.0
c2611,DCE,2026-09-24 14:51:00,2179.0,2180.0,2178.0,2179.0,2503.0,0.0,1162321.0
c2611,DCE,2026-09-24 14:52:00,2179.0,2180.0,2179.0,2180.0,847.0,0.0,1162172.0
c2611,DCE,2026-09-24 14:53:00,2180.0,2180.0,2179.0,2180.0,1013.0,0.0,1162141.0
c2611,DCE,2026-09-24 14:54:00,2180.0,2180.0,2179.0,2179.0,1540.0,0.0,1161673.0
c2611,DCE,2026-09-24 14:55:00,2179.0,2180.0,2179.0,2180.0,2331.0,0.0,1160956.0
c2611,DCE,2026-09-24 14:56:00,2180.0,2181.0,2179.0,2181.0,3626.0,0.0,1159977.0
c2611,DCE,2026-09-24 14:57:00,2181.0,2181.0,2179.0,2180.0,5119.0,0.0,1160231.0
c2611,DCE,2026-09-24 14:58:00,2180.0,2182.0,2180.0,2182.0,3737.0,0.0,1158545.0
c2611,DCE,2026-09-24 14:59:00,2182.0,2182.0,2181.0,2181.0,5530.0,0.0,1158574.0
